name,message
default,–°–æ–æ–±—â–µ–Ω–∏–µ –Ω–µ –Ω–∞–π–¥–µ–Ω–æ
succeful_load,–°–æ–æ–±—â–µ–Ω–∏—è —É—Å–ø–µ—à–Ω–æ –∑–∞–≥—Ä—É–∂–µ–Ω—ã
back,–ù–∞–∑–∞–¥
greetings,–ü—Ä–∏–≤–µ—Ç!
hi_again,"–ü—Ä–∏–≤–µ—Ç —Å–Ω–æ–≤–∞, {}!"
hi,"–ü—Ä–∏–≤–µ—Ç, {}!"
how_feels,–ö–∞–∫ —Ç–≤–æ–µ –Ω–∞—Å—Ç—Ä–æ–µ–Ω–∏–µ —Å–µ–≥–æ–¥–Ω—è?
emotions,üò≠ üôÅ üòê üôÇ üòÄ
emotions_0,"–£–≤–µ—Ä–µ–Ω, —Å–∫–æ—Ä–æ –≤—Å–µ –Ω–∞–ª–∞–¥–∏—Ç—Å—è"
emotions_1,–ù–µ –≥—Ä—É—Å—Ç–∏. –í—Å–µ –±—É–¥–µ—Ç —Ö–æ—Ä–æ—à–æ
emotions_2,–ù–æ—Ä–º–∞–ª—å–Ω–æ - —ç—Ç–æ —É–∂–µ –ø–æ—á—Ç–∏ –æ—Ç–ª–∏—á–Ω–æ) 
emotions_3,"–†–∞–¥, —á—Ç–æ –≤—Å–µ —Ö–æ—Ä–æ—à–æ"
emotions_4,"–≠—Ç–æ –∑–∞–º–µ—á–∞—Ç–µ–ª—å–Ω–æ. –ù–∞–¥–µ—é—Å—å, —Ç–∞–∫ –±—É–¥–µ—Ç –≤—Å–µ–≥–¥–∞!"
license,"–î–ª—è –ø—Ä–æ–¥–æ–ª–∂–µ–Ω–∏—è –æ–±—â–µ–Ω–∏—è, –ø—Ä–∏–º–∏—Ç–µ –ª–∏—Ü–µ–Ω–∑–∏–æ–Ω–Ω–æ–µ —Å–æ–≥–ª–∞—à–µ–Ω–∏–µ. –î–ª—è —ç—Ç–æ–≥–æ –≤–≤–µ–¥–∏—Ç–µ ""–ü—Ä–∏–Ω—è—Ç—å"" –∏–ª–∏ –Ω–∞–∂–º–∏—Ç–µ –∫–Ω–æ–ø–∫—É —Å–Ω–∏–∑—É"
accept,–ü—Ä–∏–Ω—è—Ç—å
not_accept,–≠—Ç–æ –Ω–µ –ø–æ—Ö–æ–∂–µ –Ω–∞ "–ü—Ä–∏–Ω—è—Ç—å". –Ø –Ω–µ –¥–æ –∫–æ–Ω—Ü–∞ —É–≤–µ—Ä–µ–Ω –≤ —Ç–≤–æ—ë–º —Å–æ–≥–ª–∞—Å–∏–∏
license_menu,"–ö–∞–∂–µ—Ç—Å—è, —Ç—ã –ø—Ä–µ–¥—Å—Ç–∞–≤–∏–ª—Å—è. –¢–µ–ø–µ—Ä—å –º–æ—è –æ—á–µ—Ä–µ–¥—å.\n\n{}"
menu,"–ú–µ–Ω—è –∑–æ–≤—É—Ç –û–ª–µ–≥ –∏ —è –ø—Ä–æ—Ñ–µ—Å—Å–∏–æ–Ω–∞–ª—å–Ω—ã–π —Ä–∞–∑—Ä–∞–±–æ—Ç—á–∏–∫ –±–æ—Ç–æ–≤ –¥–ª—è –¢–µ–ª–µ–≥—Ä–∞–º–∞. –í—Å–µ—Ö –±–æ—Ç–æ–≤ —è –ø–∏—à—É —Å–∞–º, –∞ –Ω–µ –æ—Ç–¥–∞—é –Ω–∞ –∞—É—Ç—Å–æ—Ä—Å, —á—Ç–æ –ø–æ–ª–æ–∂–∏—Ç–µ–ª—å–Ω–Ω–æ –≤–ª–∏—è–µ—Ç –Ω–∞ –∏—Ç–æ–≥–æ–≤—É—é —Ü–µ–Ω—É.\n\n–ë—ã—Å—Ç—Ä–æ –∏ –Ω–µ–¥–æ—Ä–æ–≥–æ –Ω–∞–ø–∏—à—É –¥–ª—è –≤–∞—Å –≤—Å–µ, —á—Ç–æ –Ω–∞–¥–æ: —Ä–∞–±–æ—Ç–∞—é —Å –±–∞–∑–∞–º–∏ –¥–∞–Ω–Ω—ã—Ö, API, –æ–ø–ª–∞—Ç–æ–π, –∞ —Ç–∞–∫–∂–µ –Ω–µ–π—Ä–æ—Å–µ—Ç—è–º–∏. –°–æ–∑–¥–∞–º –¥–ª—è –≤–∞—Å –º–∞–≥–∞–∑–∏–Ω, –≤–∏—Ä—Ç—É–∞–ª—å–Ω–æ–≥–æ –ø–æ–º–æ—â–Ω–∏–∫–∞, –∫–≤–µ—Å—Ç–æ–≤—É—é –∏–≥—Ä—É –∏–ª–∏ –¥–∞–∂–µ –ø–æ–ª–Ω–æ—Ü–µ–Ω–Ω—ã–π –∫—É—Ä—Å!\n\n–í—ã –≤—Å–µ–≥–¥–∞ –º–æ–∂–µ—Ç–µ –≤—ã–≤–µ—Å—Ç–∏ —ç—Ç–æ —Å–æ–æ–±—â–µ–Ω–∏–µ —Å –ø–æ–º–æ—â—å—é –∫–æ–º–∞–Ω–¥—ã /menu\n–°–≤—è–∑—å —Å–æ –º–Ω–æ–π: @o_l_ebedev"
menu_buttons,–û–ø–ª–∞—Ç–∞_–ë–∞–∑—ã –¥–∞–Ω–Ω—ã—Ö_–ö—É—Ä—Å –∞–∫—Ü–∏–π_–§–æ—Ä–º–∞—Ç–∏—Ä–æ–≤–∞–Ω–∏–µ_–°–±–æ—Ä –∏–Ω—Ñ–æ—Ä–º–∞—Ü–∏–∏_–í—Å—Ç—Ä–æ–µ–Ω–Ω—ã–π –±—Ä–∞—É–∑–µ—Ä_–°–æ–∑–¥–∞–Ω–∏–µ –≥—Ä–∞—Ñ–∏–∫–æ–≤_–ü—Ä–∏–º–µ—Ä—ã —Ä–∞–±–æ—Ç_–°–≤—è–∑—å —Å–æ –º–Ω–æ–π
not_realize,–î–∞–Ω–Ω–∞—è —Ñ—É–Ω–∫—Ü–∏—è –ø–æ–∫–∞ –µ—â–µ –Ω–µ —Ä–µ–∞–ª–∏–∑–æ–≤–∞–Ω–∞
formatting,–§–æ—Ä–º–∞—Ç–∏—Ä–æ–≤–∞–Ω–∏–µ —Ç–µ–ª–µ–≥—Ä–∞–º–º–∞ –ø–æ–∑–≤–æ–ª—è–µ—Ç –∏—Å–ø–æ–ª—å–∑–æ–≤–∞—Ç—å —Å–ª–µ–¥—É—é—â–∏–µ –≤–æ–∑–º–æ–∂–Ω–æ—Å—Ç–∏:\n<b>–≠—Ç–æ –∂–∏—Ä–Ω—ã–π —Ç–µ–∫—Å—Ç</b>\n<i>–≠—Ç–æ –∫—É—Ä—Å–∏–≤</i>\n<s>–≠—Ç–æ –∑–∞—á–µ—Ä–∫–Ω—É—Ç—ã–π —à—Ä–∏—Ñ—Ç</s>\n<u>–≠—Ç–æ –ø–æ–¥—á–µ—Ä–∫–Ω—É—Ç—ã–π —à—Ä–∏—Ñ—Ç</u>\n<code>–≠—Ç–æ –º–æ–Ω–æ—à–∏—Ä–∏–Ω–Ω—ã–π —Ç–µ–∫—Å—Ç</code>\n<pre language="Python">print("–≠—Ç–æ —á–∞—Å—Ç—å –∫–æ–¥–∞")</pre>\n<span class="tg-spoiler">–≠—Ç–æ —Å–∫—Ä—ã—Ç—ã–π —Ç–µ–∫—Å—Ç</span>\n–≠—Ç–æ {}
choose_currency,–í—ã–±–µ—Ä–∏—Ç–µ –∞–∫—Ç–∏–≤ –¥–ª—è –∞–Ω–∞–ª–∏–∑–∞
price_error,–ü—Ä–æ–∏–∑–æ—à–ª–∞ –æ—à–∏–±–∫–∞ –ø—Ä–∏ –ø–æ–ø—ã—Ç–∫–µ –ø–æ–ª—É—á–µ–Ω–∏—è —Å—Ç–æ–∏–º–æ—Å—Ç–∏ –∞–∫—Ü–∏–∏
price,–°—Ç–æ–∏–º–æ—Å—Ç—å –ø–æ—Å–ª–µ–¥–Ω–µ–≥–æ –∑–∞–∫—Ä—ã—Ç–∏—è: {} —Ä—É–±.
site,"–í—Å—Ç—Ä–æ–µ–Ω–Ω—ã–π –±—Ä–∞—É–∑–µ—Ä –ø–æ–∑–≤–æ–ª—è–µ—Ç –æ—Ç–∫—Ä—ã–≤–∞—Ç—å –ª—é–±—ã–π —Å–∞–π—Ç—ã, –≤ —Ç–æ–º —á–∏—Å–ª–µ —Å–æ–∑–¥–∞–Ω–Ω—ã–µ —Å–ø–µ—Ü–∏–∞–ª—å–Ω–æ –¥–ª—è –±–æ—Ç–∞"
link,–°—Å—ã–ª–∫–∞ –Ω–∞ —Å–∞–π—Ç
how_your_name,"–ü–æ–¥—Å–∫–∞–∂–∏, –∫–∞–∫ –º–Ω–µ –∫ —Ç–µ–±–µ –ª—É—á—à–µ –≤—Å–µ–≥–æ –æ–±—Ä–∞—â–∞—Ç—å—Å—è"
your_sex,"–ü—Ä–∏—è—Ç–Ω–æ –ø–æ–∑–Ω–∞–∫–æ–º–∏—Ç—å—Å—è, {},\n–ö–∞–∫–∞—è —É —Ç–µ–±—è –æ—Ä–∏–µ–Ω—Ç–∞—Ü–∏—è?"
sex_m,–ú—É–∂—á–∏–Ω–∞
sex_w,–ñ–µ–Ω—â–∏–Ω–∞
sex_h,–ë–æ–µ–≤–æ–π –≤–µ—Ä—Ç–æ–ª–µ—Ç
write_phone,"–î–ª—è —Å–≤—è–∑–∏, –æ—Å—Ç–∞–≤—å—Ç–µ –≤–∞—à –Ω–æ–º–µ—Ä —Ç–µ–ª–µ—Ñ–æ–Ω–∞. –≠—Ç–æ –º–æ–∂–Ω–æ —Å–¥–µ–ª–∞—Ç—å, –Ω–∞–∂–∞–≤ –∫–Ω–æ–ø–∫—É ""–ü–æ–¥–µ–ª–∏—Ç—å—Å—è –Ω–æ–º–µ—Ä–æ–º —Ç–µ–ª–µ—Ñ–æ–Ω–∞"""
give_phone,–ü–æ–¥–µ–ª–∏—Ç—å—Å—è –Ω–æ–º–µ—Ä–æ–º —Ç–µ–ª–µ—Ñ–æ–Ω–∞
wrong_phone,–≠—Ç–æ –Ω–µ –ø–æ—Ö–æ–∂–µ –Ω–∞ –Ω–æ–º–µ—Ä —Ç–µ–ª–µ—Ñ–æ–Ω–∞
phone_get,–ó–∞–ø–∏—Å–∞–ª üßê
send_photo,"–ê —Ç–µ–ø–µ—Ä—å –æ—Ç–ø—Ä–∞–≤—å—Ç–µ —Ñ–æ—Ç–æ —Å–≤–æ–µ–≥–æ –ø–∏—Ç–æ–º—Ü–∞ –∏–ª–∏ –Ω–∞–∂–º–∏—Ç–µ –ø—Ä–æ–ø—É—Å—Ç–∏—Ç—å, –µ—Å–ª–∏ —É –≤–∞—Å –µ–≥–æ –Ω–µ—Ç"
skip,–ü—Ä–æ–ø—É—Å—Ç–∏—Ç—å
no_photo,"–ñ–∞–ª–∫–æ, —á—Ç–æ —è –Ω–µ —É–≤–∏–∂—É —Ñ–æ—Ç–æ –≤–∞—à–µ–≥–æ –ø–∏—Ç–æ–º—Ü–∞. –ù–æ –Ω–µ –±—É–¥–µ–º –æ –≥—Ä—É—Å—Ç–Ω–æ–º.\n–û—Å—Ç–∞–ª—Å—è –ø–æ—Å–ª–µ–¥–Ω–∏–π —à–∞–≥: –≤–≤–µ–¥–∏—Ç–µ –≤–∞—à—É —ç–ª–µ–∫—Ç—Ä–æ–Ω–Ω—É—é –ø–æ—á—Ç—É (–∫–æ—Ç–æ—Ä—É—é –º—ã –Ω–µ –±—É–¥–µ–º –ø—Ä–æ–≤–µ—Ä—è—Ç—å, –∞ –ª–∏—à—å –ø–æ–Ω–∞–¥–µ–µ–º—Å—è, —á—Ç–æ –æ–Ω–∞ –¥–µ–π—Å—Ç–≤–∏—Ç–µ–ª—å–Ω–æ –≤–∞—à–∞)"
photo_sended,"–°–ø–∞—Å–∏–±–æ –∑–∞ —Ç–∞–∫–æ–µ –ø—Ä–µ–∫—Ä–∞—Å–Ω–æ–µ —Ñ–æ—Ç–æ. –ò—Å–∫—Ä–µ–Ω–Ω–µ –Ω–∞–¥–µ—é—Å—å, —á—Ç–æ —Ç–∞–º –¥–µ–π—Å—Ç–≤–∏—Ç–µ–ª—å–Ω–æ –≤–∞—à –ø–∏—Ç–æ–º–µ—Ü, –∞ –Ω–µ –∫–∞–∫–æ–π-–Ω–∏–±—É–¥—å —Å—Ç–∞—Ä—ã–π —Ç–∞–±—É—Ä–µ—Ç. –ì–ª–∞–∑ —É –º–µ–Ω—è –Ω–µ—Ç –∏ —è –Ω–µ –º–æ–≥—É –±—ã—Ç—å —É–≤–µ—Ä–µ–Ω –Ω–∏ –≤ —á–µ–º.\n–û—Å—Ç–∞–ª—Å—è –ø–æ—Å–ª–µ–¥–Ω–∏–π —à–∞–≥: –≤–≤–µ–¥–∏—Ç–µ –≤–∞—à—É —ç–ª–µ–∫—Ç—Ä–æ–Ω–Ω—É—é –ø–æ—á—Ç—É (–∫–æ—Ç–æ—Ä—É—é –º—ã –Ω–µ –±—É–¥–µ–º –ø—Ä–æ–≤–µ—Ä—è—Ç—å, –∞ –ª–∏—à—å –ø–æ–Ω–∞–¥–µ–µ–º—Å—è, —á—Ç–æ –æ–Ω–∞ –¥–µ–π—Å—Ç–≤–∏—Ç–µ–ª—å–Ω–æ –≤–∞—à–∞)"
wrong_email,"–ü–æ–¥ ""–Ω–µ –±—É–¥—É –ø—Ä–æ–≤–µ—Ä—è—Ç—å –ø–æ—á—Ç—É"" —è –∏–º–µ–ª –≤ –≤–∏–¥—É, —á—Ç–æ –æ–Ω–∞ –º–æ–∂–µ—Ç –ø—Ä–∏–Ω–∞–¥–ª–µ–∂–∞—Ç—å –¥—Ä—É–≥–æ–º—É —á–µ–ª–æ–≤–µ–∫—É –∏–ª–∏ –∂–µ –ø—Ä–æ—Å—Ç–æ –Ω–µ —Å—É—â–µ—Å—Ç–≤–æ–≤–∞—Ç—å.\n–ù–æ –æ–Ω–∞ –≤—Å–µ —Ä–∞–≤–Ω–æ –¥–æ–ª–∂–Ω–∞ –±—ã—Ç—å –≤–∞–ª–∏–¥–Ω–∞)"
email_given,–≠–ª–µ–∫—Ç—Ä–æ–Ω–Ω–∞—è –ø–æ—á—Ç–∞ –ø—Ä–∏–Ω—è—Ç–∞. –°–ø–∞—Å–∏–±–æ –∑–∞ —É—á–∞—Å—Ç–∏–µ –≤ —Å–±–æ—Ä–µ –∏–Ω—Ñ–æ—Ä–º–∞—Ü–∏–∏
your_data,"–î–∞–Ω–Ω–∞—è –∏–Ω—Ñ–æ—Ä–º–∞—Ü–∏—è –¥–æ–ª–∂–Ω–∞ –±—ã–ª–∞ –±—ã—Ç—å –∞–¥—Ä–µ—Å–æ–≤–æ–Ω–∞ –º–µ–Ω–µ–¥–∂–µ—Ä—É, –Ω–æ –≤ —Ç–∞–∫–æ–º —Å–ª—É—á–∞–µ –≤—ã –±—ã –µ–µ –Ω–µ —É–≤–∏–¥–µ–ª–∏, –∞ –ø–æ—Ç–æ–º—É –ø–æ–∫–∞–∂–µ–º –µ–µ –≤–∞–º –ª–∏—á–Ω–æ.\n\n–ò–º—è: {}\n–û—Ä–∏–µ–Ω—Ç–∞—Ü–∏—è: {}\n–ù–æ–º–µ—Ä —Ç–µ–ª–µ—Ñ–æ–Ω–∞: {}\n–≠–ª–µ–∫—Ç—Ä–æ–Ω–Ω–∞—è –ø–æ—á—Ç–∞: {}\n–§–æ—Ç–æ –ø–∏—Ç–æ–º—Ü–∞: {}"
back_to_menu,–í–µ—Ä–Ω—É—Ç—å—Å—è –≤ –º–µ–Ω—é
info_give,–í–∞—à–∞ –∏–Ω—Ñ–æ—Ä–º–∞—Ü–∏—è —É—Å–ø–µ—à–Ω–æ –ø–µ—Ä–µ–¥–∞–Ω–∞ –∏—Å–ø–æ–ª–Ω—è—é—â–µ–º—É –ø–æ–ª–Ω–æ–º–æ—á–∏—è –º–æ–¥–µ—Ä–∞—Ç–æ—Ä–∞
databases,"–Ø –ø–∏—à—É –±–æ—Ç–æ–≤ —Å –ø–æ–º–æ—â—å—é {}, —á—Ç–æ –¥–∞–µ—Ç –≤–æ–∑–º–æ–∂–Ω–æ—Å—Ç—å –ª–µ–≥–∫–æ –≤–∑–∞–∏–º–æ–¥–µ–π—Å—Ç–≤–æ–≤–∞—Ç—å —Å –ª—é–±—ã–º–∏ –±–∞–∑–∞–º–∏ –¥–∞–Ω–Ω—ã—Ö –æ—Ç –ø—Ä–æ—Å—Ç—ã—Ö –æ—ç–ª–µ–∫—Ç—Ä–æ–Ω–Ω—ã—Ö —Ç–∞–±–ª–∏—Ü –¥–æ –º–æ—â–Ω—ã—Ö —Ä–µ—à–µ–Ω–∏–π SQL.\n–ò–º–µ—é –æ–ø—ã—Ç —Ä–∞–±–æ—Ç—ã —Å —Ä–∞–∑–ª–∏—á–Ω—ã–º–∏ –≤–∞—Ä–∏–∞–Ω—Ç–∞–º–∏. –í–∑–∞–∏–º–æ–¥–µ–π—Å—Ç–≤–∏–µ —Å –±–∞–∑–∞–º–∏ –ø—Ä–µ–¥—Å—Ç–∞–≤–ª–µ–Ω–æ –≤ —Ä–∞–∑–¥–µ–ª–µ ""–ü—Ä–∏–º–µ—Ä—ã —Ä–∞–±–æ—Ç"""
description,–í–≤–µ–¥–∏—Ç–µ –Ω–æ–º–µ—Ä —Ç–µ—Å—Ç–æ–≤–æ–π –∫–∞—Ä—Ç—ã. –≠—Ç–æ –±—É–¥–µ—Ç –∏—Å–ø–æ–ª—å–∑–æ–≤–∞–Ω–æ –∏—Å–∫–ª—é—á–∏—Ç–µ–ª—å–Ω–æ –¥–ª—è –¥–µ–º–æ–Ω—Å—Ç—Ä–∞—Ü–∏–∏ –≤–æ–∑–º–æ–∂–Ω–æ—Å—Ç–∏ –æ–ø–ª–∞—Ç—ã
succeful_payment,"–û–ø–ª–∞—Ç–∞ –ø—Ä–æ—à–ª–∞ —É—Å–ø–µ—à–Ω–∞. –¢–µ–ø–µ—Ä—å –≤–∞–º –º–æ–∂–µ—Ç –±—ã—Ç—å –¥–∞–Ω –¥–æ—Å—Ç—É–ø –∫ –∫–∞–∫–æ–º—É-—Ç–æ —ç–∫—Å–∫–ª—é–∑–∏–≤–Ω–æ–º—É –∫–æ–Ω—Ç–µ–Ω—Ç—É.\n\n–í —Ä–µ–∞–ª—å–Ω–æ–º –ø—Ä–æ–µ–∫—Ç–µ, –æ–ø–ª–∞—Ç–∞ –±—É–¥–µ—Ç –ø—Ä–æ–∏–∑–≤–æ–¥–∏—Ç—å—Å—è –æ–±—ã—á–Ω–æ–π –±–∞–Ω–∫–æ–≤—Å–∫–æ–π –∫–∞—Ä—Ç—ã –∏–ª–∏ –¥—Ä—É–≥–∏–º –¥–æ—Å—Ç—É–ø–Ω—ã–º –º–µ—Ç–æ–¥–æ–º"
text_payment,"–ï—Å—Ç—å –Ω–µ—Å–∫–æ–ª—å–∫–æ —Å–ø–æ—Å–æ–±–æ–≤ –Ω–∞—Å—Ç—Ä–æ–∏—Ç—å –æ–ø–ª–∞—Ç—É –≤ –≤–∞—à–µ–º –±–æ—Ç–µ. –≠—Ç–æ –º–æ–∂–Ω–æ —Å–¥–µ–ª–∞—Ç—å —Å –ø–æ–º–æ—â—å—é —Å—Å—ã–ª–∫–∏ –Ω–∞ –æ–ø–ª–∞—Ç—É (—ç—Ç–æ—Ç –≤–∞—Ä–∏–∞–Ω—Ç –ø–æ–∑–≤–æ–ª—è–µ—Ç –∏—Å–ø–æ–ª—å–∑–æ–≤–∞—Ç—å –ª—é–±—ã–µ —Å–ø–æ—Å–æ–±—ã –æ–ø–ª–∞—Ç—ã) –∏–ª–∏ —Å –ø–æ–º–æ—â—å—é –≤—Å—Ç—Ä–æ–µ–Ω–Ω–æ–≥–æ –∏–Ω—Ç–µ—Ä—Ñ–µ–π—Å–∞ –¢–µ–ª–µ–≥—Ä–∞–º.\n–î–æ—Å—Ç—É–ø–Ω—ã–µ –ø–ª–∞—Ç–µ–∂–Ω—ã–µ —Å–µ—Ä–≤–∏—Å—ã:\n- –°–±–µ—Ä–±–∞–Ω–∫\n- –ÆKassa\n- Robokassa\n- PayMaster –∏ –¥—Ä—É–≥–∏–µ."
test_payment,"–ù–∏–∂–µ –ø—Ä–µ–¥—Å—Ç–∞–≤–ª–µ–Ω –≤–∞—Ä–∏–∞–Ω—Ç —Ç–µ—Å—Ç–æ–≤–æ–π –æ–ø–ª–∞—Ç—ã, –¥–ª—è –¥–µ–º–æ–Ω—Å—Ç—Ä–∞—Ü–∏–∏ –≤–æ–∑–º–æ–∂–Ω–æ—Å—Ç–∏.\n\n–î–ª—è –ø—Ä–æ–≤–µ–¥–µ–Ω–∏—è —Ç–µ—Å—Ç–æ–≤–æ–π –æ–ø–ª–∞—Ç—ã, –∏—Å–ø–æ–ª—å–∑—É–π—Ç–µ –¥–∞–Ω–Ω—ã–µ —Ç–µ—Å—Ç–æ–≤–æ–π –∫–∞—Ä—Ç—ã.\n–ù–æ–º–µ—Ä –∫–∞—Ä—Ç—ã: <code>1111 1111 1111 1026</code>\n–°—Ä–æ–∫ –¥–µ–π—Å—Ç–≤–∏—è: <code>12/24</code>              CVC: <code>000</code>"
graphs,"–ë–ª–∞–≥–æ–¥–∞—Ä—è –∏—Å–ø–æ–ª—å–∑–æ–≤–∞–Ω–∏—é —è–∑—ã–∫–∞ Python –¥–ª—è –Ω–∞–ø–∏—Å–∞–Ω–∏—è –±–æ—Ç–æ–≤, —Å—É—â–µ—Å—Ç–≤—É–µ—Ç –≤–æ–∑–º–æ–∂–Ω–æ—Å—Ç—å –∏—Å–ø–æ–ª—å–∑–æ–≤–∞—Ç—å —Ä–∞–∑–ª–∏—á–Ω—ã–µ –±–∏–±–ª–∏–æ—Ç–µ–∫–∏ –¥–ª—è —Å–æ–∑–¥–∞–Ω–∏—è –≥—Ä–∞—Ñ–∏–∫–æ–≤ –∏ —Ç.–ø.\n–ü—Ä–∏–º–µ—Ä—ã –Ω–µ–∫–æ—Ç–æ—Ä—ã—Ö –≥—Ä–∞—Ñ–∏–∫–æ–≤:"
also,–ì—Ä–∞—Ñ–∏–∫–∏ –º–æ–≥—É—Ç –±—ã—Ç—å —Å–æ–∑–¥–∞–Ω—ã –Ω–∞ –æ—Å–Ω–æ–≤–µ –ø–æ–ª—É—á–µ–Ω–Ω—ã—Ö –æ—Ç –ø–æ–ª—å–∑–æ–≤–∞—Ç–µ–ª—è –¥–∞–Ω–Ω—ã—Ö –∏–ª–∏ –≤–∑—è—Ç—ã—Ö –∏–∑ –±–∞–∑—ã –¥–∞–Ω–Ω—ã—Ö
examples,–ü—Ä–∏–º–µ—Ä—ã –º–æ–∏—Ö –∑–∞–∫–æ–Ω—á–µ–Ω–Ω—ã—Ö —Ä–∞–±–æ—Ç
example_works,–ë–æ—Ç –¥–ª—è –æ–Ω–ª–∞–π–Ω –∫—É—Ä—Å–æ–≤_–ë–æ—Ç –º–∞–≥–∞–∑–∏–Ω–∞_–ë–æ—Ç –ø–æ–¥–¥–µ—Ä–∂–∫–∏_–ë–æ—Ç —Å–±–æ—Ä–∞ –¥–∞–Ω–Ω—ã—Ö
work_add,"\n\n–°–∫—Ä–∏–Ω—à–æ—Ç—ã —Ä–∞–±–æ—Ç—ã –±–æ—Ç–∞ –º–æ–∂–Ω–æ –ø–æ—Å–º–æ—Ç—Ä–µ—Ç—å, –Ω–∞–∂–∞–≤ —Å–æ–æ—Ç–≤–µ—Ç—Å—Ç–≤—É—é—â—É—é –∫–Ω–æ–ø–∫—É"
screens,–°–∫—Ä–∏–Ω—à–æ—Ç—ã
work_0,"–ë–æ—Ç –¥–ª—è –æ–Ω–ª–∞–π–Ω –∫—É—Ä—Å–æ–≤ - –ø–æ–∫–∞ —á—Ç–æ –º–æ—è —Å–∞–º–∞—è –º–∞—Å—à—Ç–∞–±–Ω–∞—è —Ä–∞–±–æ—Ç–∞.\n\n–û–Ω –≤–∫–ª—é—á–∞–µ—Ç –≤ —Å–µ–±—è 14 –¥–Ω–µ–π —É—Ä–æ–∫–æ–≤ –ø–æ –∫–æ–Ω—Ç—Ä–æ–ª—é —ç–º–æ—Ü–∏–π, –ø—Ä–æ–≤–µ—Ä—è–µ—Ç –¥–æ–º–∞—à–Ω–µ–µ –∑–∞–¥–∞–Ω–∏–µ, –∏–º–µ–µ—Ç —Ñ—É–Ω–∫—Ü–∏–∏ —Ä–∞—Å—Å—ã–ª–∫–∏, —Å–±–æ—Ä–∞ –¥–∞–Ω–Ω—ã—Ö –≤ SQL —Ç–∞–±–ª–∏—Ü—É, –ø–æ—Å—Ç—Ä–æ–µ–Ω–∏–µ –≥—Ä–∞—Ñ–∏–∫–æ–≤ –ø–æ —ç—Ç–∏–º –¥–∞–Ω–Ω—ã–º, –≤—Å—Ç—Ä–æ–µ–Ω–Ω—É—é –æ–ø–ª–∞—Ç—É, –Ω–∞–≥—Ä–∞–∂–¥–µ–Ω–∏—è –∑–∞ –ø—Ä–æ—Ö–æ–∂–¥–µ–Ω–∏–µ –¥–æ–ø–æ–ª–Ω–∏—Ç–µ–ª—å–Ω—ã—Ö –∑–∞–¥–∞–Ω–∏–π –∏ –º–Ω–æ–≥–æ–µ –¥—Ä—É–≥–æ–µ.{}"
work_1,"–ë–æ—Ç –º–∞–≥–∞–∑–∏–Ω–∞ —ç–ª–µ–∫—Ç—Ä–æ–Ω–∏–∫–∏.\n\n–ë–æ—Ç –±–µ—Ä–µ—Ç –¥–∞–Ω–Ω—ã–µ –∏–∑ Google —Ç–∞–±–ª–∏—Ü—ã, —Å–æ—Ä—Ç–∏—Ä—É–µ—Ç —Ç–æ–≤–∞—Ä—ã –ø–æ —Ç–µ–º–∞–º –∏ –ø—Ä–æ–∏–∑–≤–æ–¥–∏—Ç–µ–ª—é, –∞ —Ç–∞–∫–∂–µ –ø–æ–∑–≤–æ–ª—è–µ—Ç –¥–æ–±–∞–≤–ª—è—Ç—å —Ç–æ–≤–∞—Ä—ã –≤ –∏–∑–±—Ä–∞–Ω–Ω–æ–µ, –ø—Ä–æ—Å–º–∞—Ç—Ä–∏–≤–∞—Ç—å –∏–∑–æ–±—Ä–∞–∂–µ–Ω–∏—è —Ç–æ–≤–∞—Ä–∞, –¥–æ–±–∞–≤–ª—è—Ç—å —Ç–æ–≤–∞—Ä—ã –≤ –∫–æ—Ä–∑–∏–Ω—É –∏ –æ—Ñ–æ—Ä–º–ª—è—Ç—å –∑–∞–∫–∞–∑. –í –∞–≤—Ç–æ–º–∞—Ç–∏—á–µ—Å–∫–æ–º —Ä–µ–∂–∏–º–µ –∏–∑–º–µ–Ω—è–µ—Ç—Å—è –∫–æ–ª–∏—á–µ—Å—Ç–≤–æ –æ—Å—Ç–∞–≤—à–µ–≥–æ—Å—è —Ç–æ–≤–∞—Ä–∞.\n–¢–∞–∫–∂–µ –ø—Ä–∏—Å—É—Ç—Å—Ç–≤—É–µ—Ç –≤–æ–∑–º–æ–∂–Ω–æ—Å—Ç—å —Å –ø–æ–º–æ—â—å—é –∫–æ–º–∞–Ω–¥ –∏–ª–∏ –Ω–µ–ø–æ—Å—Ä–µ–¥—Å—Ç–≤–µ–Ω–Ω—ã–º –∏–∑–º–µ–Ω–µ–Ω–∏–µ–º —Ç–∞–±–ª–∏—Ü—ã –¥–æ–±–∞–≤–ª—è—Ç—å –∏ –∏–∑–º–µ–Ω—è—Ç—å —Å—É—â–µ—Å—Ç–≤—É—é—â–∏–µ —Ç–æ–≤–∞—Ä—ã –∏ –¥–æ–±–∞–≤–ª—è—Ç—å –∏–º –∏–∑–æ–±—Ä–∞–∂–µ–Ω–∏—è.{}" 
work_2,"–ë–æ—Ç –ø–æ–¥–¥–µ—Ä–∂–∫–∏ –∞–≤—Ç–æ–º–∞—Å—Ç–µ—Ä—Å–∫–æ–π.\n\n–°–æ–±–∏—Ä–∞–µ—Ç –∏–Ω—Ñ–æ—Ä–º–∞—Ü–∏—é –æ–± –Ω–µ–æ–±—Ö–æ–¥–∏–º–æ–π —É—Å–ª—É–≥–µ –¥–ª—è –ø–æ–ª—å–∑–æ–≤–∞—Ç–µ–ª—è, —Å–≤—è–∑—ã–≤–∞–µ—Ç –∫–ª–∏–µ–Ω—Ç–∞ —Å —Ç–µ—Ö. –ø–æ–¥–¥–µ—Ä–∂–∫–æ–π, –∞ –ø—Ä–∏ –∂–µ–ª–∞–Ω–∏–∏ –∑–∞–∫–∞–∑–∞—Ç—å —É—Å–ª—É–≥—É –¥–∏–∞–ª–æ–≥ –ø–µ—Ä–µ–≤–æ–¥–∏—Ç—Å—è –Ω–∞ –º–µ–Ω–µ–¥–∂–µ—Ä–∞.\n–ò–º–µ–µ—Ç –∏–Ω—Å—Ç—Ä—É–º–µ–Ω—Ç—ã –ò–ò –¥–ª—è –ø—Ä–æ–≤–µ—Ä–∫–∏ –æ–±—Ä–∞—â–µ–Ω–∏—è –≤ —Ç–µ—Ö. –ø–æ–¥–¥–µ—Ä–∂–∫—É, –∞ —Ç–∞–∫–∂–µ –≤–æ–∑–º–æ–∂–Ω–æ—Å—Ç–∏ —Å –ø–æ–º–æ—â—å—é –∫–æ–º–∞–Ω–¥ –∏–ª–∏ WEB-–∏–Ω—Ç–µ—Ä—Ñ–µ–π—Å–∞ —Ä–µ–¥–∞–∫—Ç–∏—Ä–æ–≤–∞—Ç—å –ø—Ä–µ–¥–æ—Å—Ç–∞–≤–ª—è–µ–º—ã–µ —É—Å–ª—É–≥–∏, –æ–±—Å–ª—É–∂–∏–≤–∞–µ–º—ã–µ –º–∞—Ä–∫–∏ –∏ –º–æ–¥–µ–ª–∏ –∞–≤—Ç–æ–º–æ–±–∏–ª–µ–π, –∞ —Ç–∞–∫–∂–µ —Ä–µ–ø–ª–∏–∫–∏ –¥–∏–∞–ª–æ–≥–∞.{}"
work_3,"–ë–æ—Ç —Å–±–æ—Ä–∞ –æ–±—Ä–∞—Ç–Ω–æ–π —Å–≤—è–∑–∏ –ø–∞—Ä–∫–∞ —Ä–∞–∑–≤–ª–µ—á–µ–Ω–∏–π.\n\n–ë–æ—Ç –æ–ø—Ä–∞—à–∏–≤–∞–µ—Ç –ø–æ–ª—å–∑–æ–≤–∞—Ç–µ–ª–µ–π –æ —Ç–æ–º, —á—Ç–æ –∏–º –ø–æ–Ω—Ä–∞–≤–∏–ª–æ—Å—å –∏–ª–∏ –Ω–∞–ø—Ä–æ—Ç–∏–≤, –Ω–µ –ø–æ–Ω—Ä–∞–≤–∏–ª–æ—Å—å –≤ –ø–æ—Å–µ—â–µ–Ω–Ω–æ–º –ø–∞—Ä–∫–µ, —Å–æ–±–∏—Ä–∞–µ—Ç –æ—Ü–µ–Ω–∫–∏ –ø–æ—Å–µ—Ç–∏—Ç–µ–ª–µ–π –∏ –æ—Ñ–æ—Ä–º–ª—è–µ—Ç –∏—Ö –≤ –æ–Ω–ª–∞–π–Ω —Ç–∞–±–ª–∏—Ü—É.{}"
screens_label,–°–∫—Ä–∏–Ω—à–æ—Ç—ã –±–æ—Ç–∞ {}